,0,1,2
0,66.41622405171438,-72.17098883328235,-206.81690550445228
1,-226.02305788147163,344.3130446101666,98.73411406720489
2,-178.29701170831052,-10.78485380829867,161.55993955071546
3,-146.42613991147908,43.7406857539992,-267.6486034854488
4,-294.3819690977389,-212.37746303986947,81.59213813092302
5,-147.81054310360977,-43.55235515868574,-187.87692659820505
6,-280.0518817943327,29.45285420977665,9.463126473889588
7,-344.7037106132383,491.6862305833595,84.9576263134781
8,-268.68748954675226,-379.3305804162887,-54.16560944586635
9,-111.4931625531096,691.2878614119392,21.19186563567641
10,-218.91264225669016,606.3653848465957,-315.30207225192885
11,-34.10489708103255,-107.26780228726578,4.75985422112198
12,-265.702550843016,514.1085076200386,-272.8342404234867
13,-134.59213757334172,-351.4206695833442,-225.92744931527798
14,425.1902427223747,-95.3483718532198,190.56018409995136
15,-267.13404788778746,-345.99071569242363,-173.07861376432135
16,-277.7088628758001,-5.728859449533862,13.05328867212748
17,-518.3481355922703,-363.1032691857793,36.093590075998975
18,54.87535694289592,89.5866702797914,-62.47224404089466
19,49.043851766907224,-136.6434303704926,-182.70531933431823
20,-132.6589081246426,-373.73444567652325,-58.51816047575798
21,507.17856974804084,-327.91520867012696,-251.95857009407356
22,246.56806655150228,-348.6345306512708,73.10606678665563
23,-207.18448270254112,605.4543742990074,-333.42884481378087
24,618.3135047213855,763.1145507822482,160.44460648372058
25,-29.174448099724206,-382.7406810383886,-64.97904836791709
26,-127.37821760339413,449.4077139296866,158.8629445838986
27,-71.94459943630142,-201.9520224075091,130.87455667915867
28,144.44991536179796,219.8664901166647,-111.66573881514648
29,151.1964971890294,-331.33084099281655,-120.7868929524531
30,2443.2705315225044,-338.0391539876928,-1480.5720985705104
31,367.4593344868094,-359.0894620800408,-222.54200576147306
32,-209.1144029049509,-338.7590549712998,-12.002036266105108
33,181.0880002082696,406.35063490419907,378.63284606224454
34,-119.35158819128095,-130.11548260696543,230.07504223537987
35,-112.42221066121174,-356.4724821833369,-122.2586301458532
36,404.4886418046333,-330.4955358035974,-308.6392402095565
37,259.95003530539486,462.5808536035127,357.22520225186963
38,-343.5676005847797,743.6308337336116,94.257267625515
39,-523.1904756591764,-348.68552399660655,-8.45505968314859
40,202.7382445539081,-101.51529553210243,-411.6245310106285
41,262.0234513315584,398.0327216952987,-306.9611669370411
42,-479.56925316214495,213.43386074071017,117.2823752120598
43,-24.664440307073793,369.88211254856293,206.56866514838856
44,727.0901822764752,870.9452017740368,147.02934822833248
45,-0.5934521466413794,-124.21560094710165,-17.799714652086948
46,214.10824824669808,176.00865227958985,12.21305344041724
47,-72.26483885959078,-296.0376978573622,28.078593028555915
48,619.0680608496965,-296.5226518843384,455.201638172072
49,328.9344500679037,91.72876441248088,733.9102983795578
50,-144.95875773286247,-82.41398401959657,84.71639094823516
51,-363.6162570705423,-347.009814423872,-84.7912642548838
52,-513.3393524892047,369.78051387216294,128.06248579079426
53,-146.4930320673615,-36.143131419654694,102.52938203835609
54,-473.26773049096556,-111.09276098373405,43.38319364092587
55,188.95089612725135,-45.31134645076112,227.87964515873634
56,-125.23923022331408,-48.40899760617531,-206.17987283100715
57,163.75014087377815,-357.72532732215944,-164.79901668016618
58,-182.03892871548507,-371.87859132549295,62.23631681681918
59,-268.8115402160483,644.3891986793617,-254.1563925665983
60,175.37131908978614,447.260020619543,-492.1763237658869
61,1294.5020271548105,-289.4296487873401,51.42280548571239
62,-128.71446885727423,-289.8084593373873,-23.90624031106951
63,235.45546929578228,-325.24324508425906,8.231009175049266
64,-272.63240618399254,-14.884292108212538,-4.689593804051285
65,-66.49236721226671,-370.5387026582495,-5.870189356150288
66,441.1074906222825,375.64567651184313,-32.86962241060337
67,-353.59220328473043,163.80058715394117,102.97916365565357
68,-235.09672266166092,-366.9156097510142,132.4971814758043
69,106.84257577506345,-100.1512450420512,-72.39285229437633
70,-124.81728936769655,152.6379278011989,244.8493357601232
71,-313.93525270859914,-124.84208957954692,82.60025168499283
72,-256.63300824316815,-397.2625057208552,-20.201528282647033
73,-93.88146832482478,802.7107292470737,-47.271704492121245
74,-283.46456311845,-432.264233069469,195.4485849007478
75,423.6903025546312,126.99797127392159,991.1454894131173
76,212.33435878037355,504.72949848564593,-459.4250016605996
77,238.79343523728738,163.63445030082357,-570.2409423326079
78,810.958816498462,-303.983668243259,27.193593188624448
79,-151.8294028417864,-329.17061794478315,218.97962201473615
80,-270.142860467036,242.69998305239486,-9.261544910945894
81,-293.0514520394103,-233.4261966255644,167.83960513655074
82,-14.931841683009367,165.63476906937072,152.6187555749812
83,365.40159908611787,-348.05852905659384,-514.3190632078968
84,-417.0936786477121,-343.7632470362038,9.684174230016481
85,1.0235260452501265,-334.36848018997915,148.40325234169688
86,-230.51469423678782,-340.94551007287845,-41.278125978315614
87,-204.3210135868477,-340.5395619994149,-9.66581219246504
88,920.2031602800222,-323.7336639408689,-686.0674139336035
89,-286.06152134223026,-123.00002377451328,-37.015156075125304
90,-522.3174258380718,-350.96340392423036,-1.8490654323857711
91,1317.3866190644478,-51.95812590286867,34.81212302368715
92,-300.2687818207789,412.1418266150043,-91.8561595851472
93,-235.47713323653016,587.4942915676709,36.71682111519981
94,-93.12309531669564,-134.47879324658408,64.91651346490416
95,293.0243825837554,345.2716642018793,-174.27952440656998
96,-244.92413647221005,234.56745938587753,41.18224717093236
97,-342.80587794423354,966.5264207268239,-31.79162048658324
98,665.0299397301878,1105.9401438873801,1169.673590069008
99,177.15642204205236,-47.802370215886825,-10.611739588007936
100,-27.540561374409116,-160.6645822989032,335.0400969513126
101,482.0030805527322,-346.03040801783663,97.11884805683508
102,-516.6829580438314,-370.0299865861839,55.39263852395982
103,396.10950178523404,-365.4991312642991,151.9681229611679
104,-430.98565718384197,380.13576934667395,-145.3273417899041
105,-49.45472788298814,-354.76818741404105,-180.88803687905573
106,807.4817547111504,-338.455535955011,646.2975373222264
107,575.6650214788592,590.6793796326608,714.3117407746532
108,-129.61672334533782,-341.36762994049303,-182.47075157186106
109,-202.95087552344535,300.8762606603194,-150.94323493909081
110,371.23000752439026,-5.633186216536825,-262.5599055961857
111,-170.52933474348143,-49.578053609101126,-238.1433949051766
112,-359.745927142977,-39.04294212358459,79.96679776030778
113,266.99626464726134,436.98296000696024,120.79904052607321
114,-26.536225404747775,298.73283566625844,-107.08728044165542
115,-304.9482921615462,35.75286524688918,-6.988492551905381
116,-327.6154524349606,857.2994936174488,53.206197173376935
117,650.9880827721092,-320.36448130580493,53.29661515743197
118,-108.77131008592231,27.840739499736873,168.5488654725137
119,-439.145334737992,-354.17135707808154,-24.78589752312891
120,-280.7342191474332,358.40715829730954,225.45076752388283
121,-164.8753669535127,-338.8301693808391,13.432798270640816
122,-92.11191235331218,-53.58041998602938,-225.56116838705697
123,332.6098216300581,-171.41580732979853,-301.56577788588976
124,-202.6699747908393,-396.41536352623206,-13.440301510613224
125,860.9636574689017,-53.65766746835806,-777.1988737625398
126,348.29203466210026,-31.851506937133788,-555.1927119340635
127,-439.7206496827659,366.8807029643045,-119.5263466598997
128,-182.5076047780281,430.53216733251963,-73.34575778600146
129,-342.63607509118395,310.62869128566905,121.60346499837355
130,-17.626899572439367,189.6108887424626,-260.96186078025914
131,-75.18063816476494,-138.62419746135524,-276.33858355555617
132,5.151444172846415,148.87901337295378,-258.2185185683982
133,277.68333437673954,-20.53132248330041,28.820388857211285
134,229.6609447047445,-40.7922796478411,-264.0381293529229
135,215.22670223999086,-346.7192115197761,-253.9004762243641
136,339.4202154821376,-190.52996635007335,-213.215786334238
137,548.1927170126788,-369.1792049491777,182.5349261937828
138,-291.7602186544259,191.7420406030826,4.323770499018053
139,-30.192871907464763,0.26346090426929486,-279.08999616010993
140,-138.66325910058362,230.1677351614064,-414.8803836474906
141,-350.5987520574174,-192.9835751810096,-59.31957936602882
142,164.4964264527581,-64.37770843189672,-385.2221313825478
143,59.80833802566681,275.5844957832828,231.541090106607
144,-292.02803960850866,643.8126364344045,-128.43747557801026
145,-181.62193735669945,-350.0578232634452,-86.75641969538957
146,-99.37996647098477,147.48639053229678,-28.950523407144033
147,-304.2147635515888,-351.31414679469793,-42.31581931936108
148,-162.35226090136854,-77.77166472265074,-166.35067300708684
149,-219.45653850554717,-340.25630928358083,-110.26717788453679
150,-27.25793831030735,113.89170538031097,-73.91698195578805
151,-281.3191729681734,-156.80474554757714,20.295542338736084
152,4.885355023615785,309.35723074980535,-7.881754502772866
153,31.372263002934794,374.07959638873575,-107.48337121727751
154,415.4804913211228,-340.87546050955444,-498.10280044832075
155,-16.81813728238328,-319.54794748983323,374.22047141569635
156,-513.716724118578,-381.8370515272608,90.35082898236632
157,139.3663650411866,-350.43993433301614,69.48059991051181
158,58.01611334897493,135.60342234238868,-97.5995938265674
159,-205.29357087107118,-98.68476296508409,-227.5678399006129
160,-227.20013625649517,-73.18469312807666,187.73433426729207
161,-354.5475371485926,-147.02913829612118,104.7240842923825
162,-222.8521046985932,-173.44889901370468,91.3727137982271
163,652.7817414678098,-329.45927838609896,-579.3412129990373
164,666.5906409565849,8.812244121341307,8.128497538022145
165,490.3615692596516,344.09054114434537,541.9842254732058
166,190.3274038289017,514.3419696828238,433.2343480647544
167,-77.86942248671204,-165.4100846188631,138.71299534669686
168,-316.3874621154072,-344.0623616262006,-69.14796099373544
169,-40.662430621948694,-368.360946235815,-195.6298321018872
170,-302.06916024973503,-105.79382067234121,-43.57242154173082
171,-284.4964826917533,234.67907735994385,-89.2086118607083
172,-238.57039382781699,89.77964251192135,42.36987155317101
173,-308.1326479632612,94.73668121558057,-80.60076629994677
174,-86.45702991427693,534.7055279644189,704.2669289396231
175,199.0094066741453,186.63882672047816,-39.279758344210265
176,101.28848956758087,-19.159901277849436,238.4134988186467
177,-102.30994355223346,160.96825873678478,266.9125417241924
178,-318.97936878620135,-120.60133571754008,109.05619478076447
179,1312.6492878652775,-288.6344253756134,51.399688706392794
180,-290.17994654845546,351.97707185641923,-235.23849378645315
181,-280.6941706364508,27.823547350617332,-74.89582362671207
182,-525.4420830521997,-361.0511154024928,24.995959445911353
183,-218.4323319678432,-344.4987034415007,-167.82629893770877
184,390.1514100490418,-302.12027265725,492.0675185636269
185,-213.82038614113372,-344.7925480968077,-56.860716078824424
186,132.50604631637714,354.940233448902,-348.1539521151774
187,-269.4348954942152,-345.42672731688003,32.38949314295837
188,-430.78769076512975,465.6617474904835,64.22000441230142
189,-149.3106168600328,-142.58783214623242,296.81048532015313
190,-182.83521624338027,-176.3029220714101,176.61880877372585
191,-23.341826644081056,-120.52957942294525,26.813206542454825
192,413.735422600271,-132.36370093619922,21.36918669747601
193,-181.62193735669945,-350.0578232634452,-86.75641969538957
194,-414.8496272857896,73.84690413707972,-137.93801554001
195,-141.36949171405513,497.07081186687844,-190.72848117830367
196,-193.07674560526016,54.186076372702374,184.53766271516838
197,-123.94882753133555,9.603825228749166,203.9812317566681
198,325.26035746417887,-320.14521724735846,8.243287614444014
199,-160.63234431141396,-36.730837403365506,252.45675699386993
200,460.153896839669,-326.35325549087554,-303.5989618635845
201,-182.73966032659646,2.654743682424936,169.728042329762
202,226.94343045922463,794.4353941407006,756.8134233930723
203,-351.95035365329346,-185.48005318528251,-115.17467387640548
204,-319.5094874585531,-107.9634466664514,-43.561523408578665
205,266.50708384452867,-322.0911715169213,221.6760760683063
206,269.70978817317524,-346.6153792013008,75.31131853267279
207,738.3440648745773,384.08063054665917,193.6252646649877
208,-115.37476366684571,-109.65108793973003,243.8262657312851
209,187.90672198523143,508.30935977378965,-559.4865688580376
210,-364.87992428826783,234.718394000026,-217.02689388348443
211,196.79185060425814,329.2876080107885,-267.34756456562826
212,-103.35211809769994,17.211113284653575,39.05861839668687
213,187.25029702783374,106.46612429487892,-477.3557374793023
214,175.8482214690537,-112.1460019959701,-384.8853401092956
215,307.77954596986166,-98.60830791735373,559.43904519235
216,-215.83954857339796,254.74928729996765,108.64098813489989
217,-148.84033547067995,-369.64189763692303,-15.065480409241744
218,-224.41646815833408,-130.44417228475814,-66.59945057132497
219,-114.60158937234912,-281.2362455459087,-53.299938095143524
220,-143.06177931311873,-382.615321522614,125.74929444946225
221,114.41521409728173,-340.3083652912725,-238.66527050014435
222,91.08604325575718,-18.391898850007976,350.9522773565259
223,-256.4619475772425,18.146013242494,-257.5316083570242
224,-125.25596818906139,-179.78237082241307,32.267642038783734
225,-190.8754958183944,-348.9987658221268,-132.10626959357404
226,-144.79203183623096,-146.53183681102095,271.98588382879484
227,-351.5662524541436,825.3563782584166,-71.36824792103786
228,-249.02180716408333,643.1441051010396,-305.94868270974473
229,195.16324481365515,-271.16509697390785,-191.31341094251874
230,694.388171894223,-316.9268854052223,43.6430714103131
231,-225.83084601541097,-62.91638374267497,-66.34552057383695
232,591.9020042103094,-344.4027878432345,-785.5052655417117
233,-501.34948125449426,95.98133668347431,123.08987168063334
234,90.76726812972403,-103.97163730609837,-209.3264040042252
235,-371.1595432849287,1036.9424647350934,-103.90060378076426
236,457.76469997827843,-319.1093582670459,161.3038505015887
237,-119.03272485511958,294.8573327440609,143.74896368231342
238,-228.95339561832546,-371.5949873009376,76.10605986737126
239,66.94821208619047,734.7824930085274,-241.9633601485861
240,-23.20273327864244,122.50806909853054,-176.14154816053417
241,-94.60599150687979,81.16943594990616,-205.60328042085314
242,462.1394576619468,-310.2694972053222,365.430886434964
243,363.19671820267416,-301.4029058815036,598.080819084887
244,-54.56263636447198,-136.04881085113777,-47.22011616082261
245,50.99956271889061,-128.95162176328094,245.95353340734798
246,815.2057428418818,-304.99632554983583,27.404735623827207
247,779.9101937457316,-314.75543338366265,54.87447986228079
248,-320.5317277856704,-351.84806245875933,-48.70465583179487
249,-134.8673658558072,-181.73021769313897,255.3222696146874
250,-440.73366721034523,-347.31306010814944,-45.809842005246736
251,-467.28817362315465,167.15058347569067,84.95293723168206
252,-144.60219059201805,-346.35535539139977,-110.09590556642587
253,301.2452808356044,663.8281544141594,-17.662878701716977
254,-303.6040448288833,-22.471447683757482,4.746706752186185
255,-172.8563778281893,-361.2999206001582,-33.69936046233414
256,-59.30285335741205,-115.36193012887279,-305.39293735090916
257,-250.26937355789113,221.62380595055788,66.66199682465724
258,-13.362699267355733,207.07278028057218,181.15584066925902
259,-521.8223244053974,-351.3880480990422,0.11421423054781599
260,-506.80619357203415,154.2661702665208,226.6107652924267
261,-99.38821770202784,-362.98644285449484,-164.65766336695128
262,18.691080985459095,503.7735820034957,536.9335477244388
263,-291.6937403710167,463.7885854542676,419.1866129860955
264,1125.374745588474,-327.52697271542866,-823.6667856135615
265,220.3882942242985,125.64785045193962,-125.39080406145523
266,26.065957241796927,302.88552249457825,479.0465308300064
267,-225.09504748749285,-104.39893428234106,-126.58338803459016
268,174.20078357123913,264.7086353745136,97.73662853344447
269,-259.901705950409,499.0635290563794,2.37417530691458
270,-124.48914572741765,-374.5376151966832,-14.425799825244589
271,101.18524133469468,127.77903537682674,243.03051325712156
272,-275.4168991681069,-58.27494269702422,16.09993357551045
273,-446.7672628425261,841.3291012223696,275.35050000937736
274,-391.2657482745942,-37.99951199335307,-88.48612371991916
275,-280.4720331401474,-348.1483699778645,-147.47473368834147
276,109.03792674031801,-343.26035489101935,320.73271650543984
277,150.12296549517237,-43.882961699798926,-631.062389842866
278,-116.87175717436945,-361.19871552317903,60.51995550879439
279,45.44636060380088,79.62776620472015,329.11509750899836
280,233.5344457745726,194.19575997282988,27.758502791727338
281,-2.8292729137908728,332.4469703375956,-104.22650544912955
282,-344.8847989226322,-195.04450316124033,37.07831577826835
283,-118.77919553182419,-374.9731789259309,104.89471921463388
284,468.7927620096139,370.5728062887791,-22.925286854855898
285,-199.2832614205278,-333.40777841740754,172.12702080955387
286,-415.7825928587903,-108.44340600967354,-92.37418297764958
287,-210.14074287238736,1074.6864897015778,-250.76103923518303
288,110.11743253427906,-48.87197954722658,-119.01927154562676
289,-210.01322842294084,-344.6108226589957,55.5371035787835
290,256.2089808183297,-362.79370607697535,125.72998715307399
291,-364.752837224424,-27.862159734410945,-113.14872663059649
292,227.34294462992236,581.9606714820401,-630.5451507912474
293,-313.6195365421209,192.2567784131237,210.23986434255977
294,535.2070933777799,400.7256428880722,38.880997900108866
295,250.43827435349937,558.720404144305,388.86070459096175
296,-314.99861037357823,22.488462580932133,60.70150406930259
297,-410.1255165326569,-62.70100835181838,33.28708562220231
298,150.50343852482976,134.6652870811139,-173.69462562083532
299,170.49405379896157,-346.9158773861763,-433.8565207728308
300,-200.57270789024616,32.87739546937553,192.22765440976667
301,-259.68028477039167,91.31657595062318,102.00687613481831
302,134.56570309372168,-381.9540520812134,-85.46788880982031
303,-504.22093491551476,471.9314502887038,-4.919629058502693
304,-113.73492557449538,-351.26300057231634,-175.70907382446725
305,-195.9866889358629,56.25965890856725,213.008364950176
306,-316.27439345121627,-177.7303543035362,256.21053811640314
307,562.4846307301677,-280.07054642052873,904.7408269170809
308,56.78450901613924,1172.6982185166908,-211.6537950566983
309,-102.26430643058626,-226.34780628593154,120.40300577296792
310,-112.26526481492475,412.9941810647822,-103.50329972678131
311,-79.94254323553096,-63.63294238012227,159.37205425452285
312,-176.10616405134618,-75.743309220338,-103.51712215585589
313,-310.7426768226057,87.19076615091602,181.69345023940588
314,-319.23089913362867,-280.2321443671993,-140.02505287606397
315,-77.41865725845379,-116.40830575233782,54.07137315194933
316,-141.44986204170922,135.32264920566774,-123.19972170697106
317,-22.856024691481576,-372.6788169016771,-72.70181752830601
318,-88.90626020181286,137.13420601599697,192.21718334771134
319,-295.9456978983323,-142.1265174036017,22.99327131134271
320,-115.35985450183594,-346.50285111057985,-77.73915179350382
321,-123.52070099454448,-18.466733276077733,-27.651986382750593
322,-401.96379897362215,-32.81881586337341,212.36245906978587
323,920.7826171075191,50.54847952735071,85.76427839256075
324,-0.4464210911278333,-331.8096039061362,192.50373698448476
325,-96.14569661478721,367.01007798805983,-277.45548974922303
326,-158.44771197572476,32.5634782527764,170.67055222073384
327,405.254449816427,-177.4499711059193,-137.19010645428688
328,139.45385484931572,-342.53203546806714,247.42316597465103
329,15.935169364256799,-446.82308312931497,597.4325322434489
330,-162.4418545411555,1058.2046758616636,-38.338779475358805
331,-265.09879992017983,547.3976482238494,-212.6538362299322
332,66.79395681988385,245.54671683830608,79.33274185465683
333,-256.6434686542004,261.23676411814847,38.55678019813243
334,-121.01135085602454,-112.81486069765928,112.00975788364245
335,80.43528672560113,-25.866690583669847,221.43363524067396
336,-139.24874662665786,-138.8110280677309,51.76530788765235
337,296.97278218859833,247.15138516238474,-8.691612408608165
338,37.7243997357795,273.48937240232533,-367.2632149509043
339,253.30220464614413,474.0950671921183,318.45581561080826
340,366.80828165797874,-326.7059897343321,32.980346688236594
341,1723.27642973894,-292.5578514439737,121.21661025154754
342,-543.3346455655895,-351.8005982016487,4.162217603643285
343,-15.383678335122239,-171.71113084055008,109.4318838330999
344,695.4241531496676,1678.4357133499811,1010.8635192063908
345,470.3013021579515,-332.01567063490705,-276.58780234976865
346,-89.55332793521426,6.3527678605614035,203.963891410517
347,-193.17907527971346,424.5435014329794,-3.3183473523510187
348,181.4010731321257,459.491095553,-494.958431787847
349,-175.5860352079441,-212.07047106680776,47.33530948112979
350,19.826350919712365,-364.88526223745004,86.8121964851332
351,-249.99872999734782,266.55627754925393,38.52877559296629
352,-434.7604537743798,1387.543537148554,378.98147293114187
353,360.29540533456964,-319.8095006227569,10.182107212663524
354,330.42263931651445,553.4414054702617,-487.2115713365222
355,-203.54344089949973,354.38982761750526,175.26958917437412
356,-287.9673420897026,-146.30955586223152,-17.074571632020934
357,-35.49113705032697,591.2530846313479,-186.85044457257607
358,447.8368082894609,18.249089512614024,474.81294076782103
359,-281.03772682853935,-125.7621324429506,35.927396884399386
360,160.37905549044925,477.04540751730735,392.176595033317
361,192.79461237746477,101.7075465982328,457.130550139565
362,-551.5970605285283,-358.4537543245553,3.849949341639217
363,-144.31716194654751,703.0497466083854,-262.3396391895312
364,-164.29383868419131,-58.652798391400715,-98.77796937793067
365,-382.01578427000624,-168.03827396342706,-5.162474835654422
366,223.22523926595363,455.7375869843439,319.0498379604611
367,-213.6363317888671,15.079259445073316,284.76950366978457
368,-284.6500702655793,0.18611422122172433,302.74258858008545
369,157.81725560950335,694.4510254787266,-301.626689292749
370,-17.241115475750693,-335.83364855775955,18.82929421040216
371,-516.0418788158996,-371.12577940700794,59.74506288024773
372,-299.92814048252404,1001.3270478171769,394.02330680207297
373,174.51553476873474,-133.45063613287314,776.9759450462366
374,-332.36292259459776,-351.02338810578306,5.749675202650678
375,1386.0612021770096,324.67895609475926,1035.3840873026027
376,118.16247705344652,100.85206895312356,492.8023588186207
377,-270.16552782064116,-358.5024001964226,-11.348033787432911
378,-168.38701425014466,-31.308678041990206,41.74227731888213
379,490.01708479197447,-328.1434044258036,52.4763236588156
380,-253.18694461041878,634.8745730808129,-145.04190396636122
381,440.23699528545853,-321.81921427012713,27.234422712587246
382,-10.242129207621735,-376.11778104983057,125.5426679488249
383,920.9761908699228,-338.40196347247223,-933.0879937679691
384,-206.0299406347057,140.13884884901827,-48.48030309731525
385,-19.11579977405467,-293.70039526032417,36.3380692237629
386,964.8293243319977,-275.21189552651606,748.926131454827
387,-137.56975511898037,659.4507520562738,190.96171791237572
388,-129.71481595269378,-347.54884549158055,22.38672638983759
389,-285.5655683815855,-74.60149207297131,38.03466329439365
390,485.79537935422394,842.5440674273983,-462.96614845442036
391,-277.0660590612939,-114.58155747658705,-25.916600291938238
392,-519.9728291731301,-365.10928847032955,53.73233929000804
393,-74.30824685283197,109.60257107976751,-69.30007413082627
394,524.4740621417719,-335.55492281010726,-615.4249288895317
395,325.37307381371136,-19.81789365054422,-481.0871896070862
396,291.50004934323744,96.79530080511911,-652.0291706964086
397,-408.55287040102655,56.6620689339081,-164.1510249745304
398,2250.547389171155,-275.06658835992715,141.53265358936164
399,-379.8312958883547,-134.05868035489513,47.9579516103677
400,-66.64377612993228,-128.48781211550235,240.26207583226054
401,256.1064703177544,-265.0131106338126,296.6013871751741
402,-391.3246837924942,-347.56973445586834,-80.44624063143388
403,-124.81285631580113,-345.9313432293324,5.097529099613652
404,-3.2435865808317526,-388.71234985669366,73.17503931848745
405,678.3138947683851,-7.259832412957724,27.55881714308731
406,-65.59609201402418,-340.6142027045917,-187.64176506520445
407,-315.0989114858148,-346.7560090743934,-60.941932856469634
408,-66.7078849354313,-376.8682352614699,-71.4999450213293
409,-185.09789294696776,-163.58786649898133,159.23201701456014
410,125.87355986819755,-488.39416378329815,474.8978475716163
411,-472.4472704372338,-36.49633880541265,41.124061753001286
412,-45.26518215016397,-10.711923706524766,-316.6155185680137
413,-144.7124997435451,-346.93783453413704,-165.95411182073576
414,-201.64500082700334,297.7282297562648,11.518742137530026
415,194.5247605242038,-276.8550431406471,286.55942977241904
416,116.58686205794051,139.6559402977219,-590.2448206848971
417,49.790447605308785,166.63643864641867,-164.0690499098465
418,273.2030165941676,-109.16283368251408,-659.3083457146236
419,-216.38547779519791,500.7719751342139,-163.78812917464757
420,342.8867097589309,-80.06789295723756,122.74545560896095
421,-249.3401878678938,235.96470413485468,45.27139837132745
422,677.5299769530428,-328.0859352398153,-379.4023141259188
423,-325.9026801465319,-151.93744121876907,30.45718260291295
424,353.40317482104973,-168.82175254056568,-392.4221992093907
425,834.7544534100457,-303.8580680401058,29.86828701293365
426,-403.0445392838151,94.74778444571555,163.61540836623618
427,533.547274746296,13.284632631086305,-611.4826266581196
428,-303.8741583573748,-11.164056483345812,10.3415999839103
429,71.49259262671418,-28.715354614049495,-458.341782155792
430,-148.72560641966024,128.38040583287443,-183.48370355219927
431,-76.77964403206063,-333.4621054337509,13.32503196921131
432,-25.82606464394045,683.2896181769503,74.13789640395552
433,273.32835495740136,-339.6315059887932,-167.04358147958163
434,-219.98740618396963,-85.57993042286691,-143.6152900140545
435,-62.73859003101522,447.78670400320186,37.47756344081009
436,626.6502787909927,-324.9883344335731,-407.5598838641777
437,-289.68321645373,-349.04720269953225,-56.70597900251761
438,-12.519646257827448,1042.1812201866253,-37.33339875005946
439,-229.72069807601963,-341.2219723173791,-43.76598669510855
440,-238.21520144577664,-62.77446614347306,11.586092558187687
441,317.3215527979437,708.6811354588423,-739.6911404929831
442,200.09545577610524,-343.21967740357246,-376.4617104788972
443,-116.26169171984752,-344.11603256734134,-62.67293610255999
444,150.9388715262524,236.91994497517612,-153.8667341533767
445,474.34387147516594,-331.2842103572932,-416.7729519334959
446,161.9210739038431,157.86573301750596,-95.00336779434151
447,378.1402598322921,-323.48255476922475,38.1448508766493
448,-262.69357339778844,-424.7991677483061,96.40309478848982
449,164.67255732776653,720.7011415417147,306.22784030501
450,43.64220176627934,-343.5041960118389,36.42828496796656
451,-28.60893935756817,-188.297913823694,108.56462430087103
452,16.976344363020907,271.50090492511555,305.33667520345796
453,-334.0738740307071,-351.8132282040709,-89.91340511475136
454,-292.1094739410659,307.35948537160414,-54.74540622795428
455,11.906031576295215,386.66533598476843,362.99647973249876
456,369.4884385223084,-338.81911422252125,65.85220256932503
457,-178.7245732025614,-33.4592768763466,26.385078705438985
458,-175.99796896723467,-396.201770385297,103.6880113400082
459,655.1172338977532,830.9876050451044,354.80248089688644
460,-351.53991312863917,3.275876084664054,-108.12429594256368
461,-338.31084274091006,514.5883074571002,329.58259927720815
462,-570.5437168026009,600.2495655456281,381.9563318239211
463,167.99212650241478,324.18166552408854,-300.01580632229127
464,-292.32606516899494,-168.6206841164551,-194.91211602835662
465,205.48830989465554,-331.5117208302792,325.75685290136363
466,220.73155631905814,374.0661071041865,418.4176284437477
467,-317.30453555879893,492.71501844492985,-230.51161025113342
468,-43.72548169232319,-357.6763736724873,-186.08889731854836
469,-269.07904543599926,310.75362338290154,-230.44683942118843
470,-151.5144590658208,272.491669571361,498.25995421411017
471,-108.55865372826344,-354.77128581931856,117.95133873742819
472,-270.4292319767853,493.5210439785603,51.146640336171814
473,-199.5027651187157,-71.29733916341995,49.22059821570879
474,-87.27400256076386,133.99424327804093,-267.76351001624005
475,-314.78164532895795,589.5122977518773,-71.4013275350424
476,-262.71108310307596,239.9266464446446,13.725471563313377
477,-100.99987726197566,-368.71969642161775,73.23440695159255
478,52.144081173170235,-147.29340627648625,19.965909880175083
479,703.0416739878556,-16.339658044887912,-785.2441725308402
480,-227.46673689381052,29.420603605989786,199.9666215094686
481,-108.93233425992612,-149.46789813437886,72.99132901614111
482,-283.5876808124168,400.19526549832227,114.81102772702683
483,-293.6397781785496,402.97628538670114,6.038444108012428
484,295.5288011015732,-85.55539543163816,503.43191135730615
485,-114.8624842618027,508.9310436461247,-69.90234066043169
486,243.95434699213584,82.00829963653355,-244.01153766681824
487,-119.5443638160262,-111.71137589660705,64.64112473444774
488,603.2848036684752,31.7906464700723,7.614217203482724
489,-319.514130232504,1093.9526782717137,-157.3156168821602
490,-102.45223237082216,-333.24017853445406,152.10795692969728
491,361.15234775099816,254.97857771638985,-284.60790843375634
492,-436.7109433651409,-364.055311721464,7.173805967679897
493,335.1968924018931,762.4333918496421,364.50968577915046
494,829.9235421175205,-332.62079204022075,795.5151714068932
495,-212.11069838658352,-84.77801521752956,-143.37100261695082
496,-130.93404141774232,-47.43820441377347,-6.894589922625826
497,-269.66155118253806,79.1336943727008,-80.22597939051083
498,-189.53022807841143,-66.56739526964904,-335.62479896645584
499,-256.2722848259309,267.20159439848567,-135.32348963563533
500,-433.86408285052096,746.4879975382719,-171.40822533623037
501,-160.92429402024624,-178.51510758233704,-53.50279922687667
502,-191.97348583282016,706.8071421440956,89.1706705189353
503,-203.74995884266968,90.32227584293268,-77.18187401923532
504,-182.87616734479894,794.4749223458483,0.9279484557714082
505,22.500968257628276,-344.3534032276882,-230.3342649178718
506,143.0983411883375,230.85842009014328,-154.80214261620404
507,325.44437004964334,270.1814770818407,-23.785128248508784
508,176.30062892307288,428.0499607396407,-458.8962811284349
509,552.1791713198724,659.6557999579919,-383.4592431517532
510,117.78964021738865,115.45190309824437,-445.44389907779794
511,-96.62885229805082,-342.501363066062,9.608521584933271
512,-269.0205783463948,928.5967504594671,-141.27255307456966
513,394.1824010417299,20.928027338971592,382.883698911491
514,-321.19985357268934,-376.08259821240375,-20.834369295581865
515,-217.32440124690402,-45.688198525994395,102.1435155615151
516,-108.66896648614616,-354.51218257457936,-109.22812404562504
517,-91.90536900561452,-388.3865965657636,-91.40424947166042
518,-229.73601390002668,-42.32981855651429,118.64273610440532
519,89.77856811824628,-352.61422372448266,68.81305723046404
520,-523.1032521216237,-348.76915005310667,-8.569443310008523
521,676.6675482901334,141.5834646911561,-0.8135651458072743
522,213.45751672360777,68.49761137343246,-419.5199528706785
523,78.8321041217887,326.8415500823336,296.50935890439615
524,-182.16991231761168,-94.33437225859467,157.3054254626966
525,512.6388521874695,-342.46680049793883,98.3131341553526
526,269.6713321048243,590.464869906059,-606.5263147969565
527,-217.70558358265143,-83.32193690695951,86.24704662872912
528,-21.108246470570222,420.7364473067254,49.54286019033613
529,-7.424228177780236,-73.71816689443557,311.65896722721067
530,-25.13427243658025,360.2924824253502,-49.139950536296
531,277.34471174893054,-315.51643828536453,619.3717832706491
532,-515.6880379750166,-373.0852157093692,64.56024789313506
533,-523.0209942491555,-348.88242732788115,-8.784353827083748
534,500.15950815227677,-340.5263754690125,91.64118614890282
535,-205.15491709664104,815.9743433935994,-210.25319616924764
536,-177.10694644086834,-349.98685644990815,-106.26880483798962
537,-380.3552272316617,-106.79058667187391,-162.19624454458017
538,-130.0416391758204,451.91672774205836,85.37638267082292
539,-85.74362349332047,107.79182780669164,182.26152320336985
540,-3.0345490948986726,40.85342587863378,11.668864002556763
541,74.54072098348253,-335.9353951867273,-99.138682972797
542,4.069189294133243,189.02440135700004,-174.06154523879025
543,-262.76616274173324,247.52316915811852,655.8413433741089
544,62.18185037490431,322.1506801165174,477.24437656556995
545,-355.1805210168635,383.9474463762556,305.3484460467147
546,56.14806891023673,-169.56793011465345,-290.63387130638523
547,248.64233666882237,-24.94998538073732,-631.9785099237689
548,-288.04133371325463,314.8919389668246,472.4451099072519
549,-365.88174373047804,-360.83346780888684,-65.34451352738833
550,106.77682198267318,560.776263590766,-64.97022724041213
551,389.8855917396546,763.3234621923948,-760.2963609759765
552,164.68006803200885,-341.68170098048216,42.65397932346906
553,-521.6132519209655,-354.64138595523906,9.53937419491831
554,-96.78521860763539,-76.4624244514391,200.7192361130227
555,1098.9770379260476,-298.63789411001085,51.088774941451675
556,-156.67552730188712,527.619048286744,-224.8454048273669
557,-190.76600833147904,93.99367965987042,397.23940905954066
558,-255.41769039413083,-16.77718805606078,171.26085346728803
559,239.1703080513862,-322.11709769040164,17.42882158881774
560,-300.70590490424905,679.2072379771797,-212.0485288473159
561,222.17525405470013,639.1793975501321,441.4451822629791
562,165.17649733669754,410.4981525792504,-173.85976246703373
563,457.1507436672418,-326.09761180273983,42.660179099996384
564,-46.597692317124626,-119.26723928725812,-107.7753611802643
565,-14.317582998845406,-339.9418260558434,-84.87273363096773
566,-71.54214472268733,-349.61768533272976,-55.74083057164001
567,98.22294413246668,233.21850580552592,-211.85130907706403
568,-198.99916516615895,36.04826943482783,-7.852754345835194
569,-299.3130471037017,570.7550678590866,220.06279126359414
570,232.6083687579678,132.26755558052656,-536.0694525301291
571,236.84790259422226,685.0745528087566,-797.5655684774092
572,71.79102769593862,-342.89453349170554,251.03416688318725
573,-413.7105481255235,-345.93570755312004,5.262540621117438
574,393.13786957984684,585.2348771313035,275.7585964768383
575,-384.98431429387944,-143.40070128049368,-69.67591800903733
576,379.85969556799074,-335.475681237679,-333.66666672261033
577,210.41980627987607,564.536536109293,-296.31483947638327
578,-89.41924320164628,-344.1141058994543,-148.45405250416914
579,309.81454448729806,-348.4664272263423,-509.3301699603228
580,74.68624791336637,286.78412025580207,-240.51716835461798
581,174.6264834789944,-366.3492420200547,116.03918127256995
582,-503.05521079145893,-162.66834669072554,9.956410498554419
583,-219.4147188588743,-349.0581285625148,-29.763673112199285
584,-289.88055636997865,-344.03026865314274,-71.39214681793038
585,-203.2966498023895,-10.13692572351998,110.8291422510427
586,-511.59105214846835,274.3352832509743,261.7725176233076
587,-362.16119909945724,-64.02374167079141,-57.13334594221368
588,354.51341163407307,516.6176191650436,-377.5017611060084
589,-63.1655621772266,-336.70561692412923,0.21482059915648222
590,-253.6199561610689,-65.89031280328219,145.46575317367365
591,-322.2338640508987,-88.88858020296291,166.90154938336377
592,-476.609121239201,-230.0937349635458,213.84896108402882
593,-362.8969708831215,-52.595853668839425,-118.71285808372281
594,-82.71265045619788,-343.928583571776,-167.71067719505422
595,-160.64897290114135,45.09466245632337,140.96477150754356
596,-226.71846495820807,-345.1717485750197,-32.11027623192709
597,-116.3065001627517,-344.1187674865166,-62.673636674753
598,-182.28858241459474,323.4407042183249,445.4399664760241
599,11.92845724375337,751.3591618563129,109.87419313289968
600,101.60606216469874,-30.450651364022043,3.828281559062866
601,-289.8283451493191,-356.93892478048946,-107.85382182029583
602,290.32081535677605,-148.29934983235597,9.753804409763205
603,-354.56638960965205,-345.035272866388,-0.5873553652994588
604,-396.8792198304704,-16.040552238627054,-7.313493141139503
605,-36.05599817489798,-57.45278705640509,-363.1726157490009
606,122.9581156383854,-45.73733379547424,-566.4367389074887
607,-10.553835480361927,-108.11081260178024,-195.1751697845079
608,-31.800929976511824,-204.57956702330998,5.867371765163291
609,48.29825235203862,628.9989793750515,-83.6436107876695
610,-389.71520397111146,-187.73190914597816,14.001994320131871
611,238.93225043672325,500.07965879080325,-476.7968066311887
612,140.6392532524809,135.20754960957728,13.496427148725381
613,295.12576200443687,511.61276220533654,-459.2509862046439
614,-498.36329802439485,1505.303551913668,56.39561976568298
615,-277.9713801890908,121.28761923566402,-171.0367100253904
616,-301.17880418039977,26.035047171736053,81.71256208176649
617,-267.7192170775033,-346.6712963603284,-170.76297219050286
618,9.317664179454889,-125.37955099447926,19.54678353854616
619,-327.2039537760491,30.7876611655127,34.26388913222672
620,865.064033231337,1512.4946941369,-1436.6222538695101
621,-131.57230878137108,0.37677196635428495,364.6647855427879
622,-235.42003168535678,-148.1200709894428,-40.75120606795835
623,-406.7793555540881,35.74292130717922,-100.61807462779942
624,-37.56459900113047,-59.14174967503254,-146.19361881529133
625,595.83612656691,-314.464141754462,22.45442094792432
626,335.15187758825937,-340.0982178904285,-401.6930197019509
627,-160.5713209727548,164.75725587603583,314.55525252201016
628,-419.0482138947477,59.55879158297293,-96.84479245769413
629,-259.7173236144686,138.84026760309865,154.23304799282292
630,958.7270176622527,-299.9656968659477,34.800661442873604
631,91.0313461286411,-318.47575863905246,357.83378739477206
632,949.8119503654204,32.73005347549921,-697.455034896469
633,-362.63946231788094,693.1596329357103,29.09584501817571
634,-473.6110157749484,-32.00324399364482,25.537984393613925
635,15.413979896586236,37.61309088411749,-389.6045816106563
636,-101.60871415440339,-330.38976386055845,133.75358933621607
637,616.2814465155006,-322.4855816251947,902.524515620727
638,257.5448529721258,-340.15851218805733,-515.7765803122412
639,139.08425009687133,137.1762748085034,-23.566929312992357
640,-371.2195253822418,-206.97681015608316,107.2297089452457
641,-304.57572714831366,-53.136290644510886,38.71390265397807
642,-13.724876741411018,-185.64824048068527,15.211727366833927
643,-518.4767630746203,105.6539579446054,111.71726334047767
644,-67.92750735454432,-7.8410512650644755,-13.949557073425808
645,336.97054073557257,859.5197991110022,452.26683856375666
646,-522.3174258380718,-350.96340392423036,-1.8490654323857711
647,-207.11523025195802,-132.74790922812085,73.95925668239957
648,-304.5597429292245,-363.83944443641974,-100.42712383598963
649,-510.2716068871972,1631.0521884771633,248.8444048790533
650,36.24540123394948,-379.25561981356594,134.82242181447492
651,336.6622513486259,-354.6801683289328,109.6259703422152
652,-172.66157786569167,-365.80633011110757,-58.19152931235466
653,-270.78567124098805,-349.4196686498204,-129.1308030890599
654,-200.86407361240904,-3.265943685566166,136.3516265696143
655,866.0420462820167,-289.2595747225204,659.7796411680325
656,-60.13416441125714,508.84188015396404,-233.0658310942682
657,30.881377679375333,-344.00640988714486,35.68761204126421
658,-341.31336770064473,-444.46749221386517,184.8108240715293
659,323.5162259487964,136.51760521025926,181.89656241571646
660,-144.59477107349042,-345.7408714631708,-162.68763123878685
661,-263.5492663026058,-11.84459611999046,187.36830223719664
662,396.36486656682894,-344.66831451697965,-717.472187206781
663,773.9929920913833,640.2386908122369,-5.937489377527413
664,-213.7369566831945,-64.78526206280053,116.48269911345304
665,253.51820434425832,-327.3564996122089,19.37184055725217
666,858.3964119358263,475.2771008020122,299.9260177591731
667,-7.707070013199003,297.38872455509835,366.2052579109487
668,-101.06991602463779,24.467263528085986,-192.70765626997107
669,-93.67804958513257,-343.660379149616,79.25424416396783
670,500.5411588767169,397.986414755894,-33.01687852015061
671,-216.1562043019161,847.7478949021682,-347.43659610643084
672,-265.9569091481524,-109.77253837238868,-38.61023428642716
673,-2.7452583338206082,131.5037106746132,171.85863619751035
674,-130.1401760175277,543.3009055763372,-125.41055124652621
675,-279.6273413225267,80.91805590475367,-23.476470625577434
676,-128.07578000673837,-352.66889455815027,-79.99766610569188
677,-328.9038134809157,-346.4243863156951,-106.30833887000648
678,-78.04654577368964,-346.13824884919944,16.03546095701109
679,114.65409819582472,640.1384740436192,5.265940277524038
680,708.5524910324847,857.6103488089883,132.18896026872932
681,-310.9924478423076,-99.06359344498043,21.591525919288188
682,101.04954699460131,398.3759071263877,335.4645389132785
683,-217.99846467968032,-65.93812784781916,-54.714273559606625
684,292.18564354552166,-337.1019643606707,50.756982747595444
685,92.58603415572117,-7.272766189665561,293.293634117868
686,116.788190735532,-346.61905936684974,-109.63068144503413
687,121.04752154966555,525.7990219261769,443.7760392628952
688,-201.95236667375818,-108.68296617625872,113.42279665621298
689,-243.84391799281326,-232.5931394688958,-149.12578875122603
690,-178.0539769895229,-179.4235274895569,-265.93781666172595
691,-375.04329421237395,-206.89831145156765,16.06113951011406
692,-194.40405853133572,16.44487006294665,171.13733752951018
693,535.0813392439215,-376.7600162396647,-501.74404396652704
694,331.22698821385137,-307.42036731157395,404.0482592789087
695,59.46232416373456,271.68654515501,573.2554998616996
696,-373.87100038067666,-187.71078647787658,208.51284794335282
697,375.409809323086,125.69692341145658,-492.34957870576477
698,-196.07180004396696,53.827830832686644,-164.0281941626247
699,-88.5126770095401,-272.62192392737063,-20.554726494581615
700,-149.28454955518853,-231.8678185397344,-128.2774380289922
701,339.72748598970225,-337.0020072691581,-416.1485691547485
702,-233.48059590258802,-354.1049858167184,17.945132827300384
703,230.6836634502941,-309.26293943825624,512.9214352276639
704,310.06871312749007,-29.551785329972084,26.574351870940177
705,-525.8846586313566,-349.10122445969785,-7.85915089977135
706,-52.712987590030345,-113.68273814345763,163.74719485789666
707,-169.82397017066768,144.69528357994403,-53.51125832867753
708,-440.69335359003964,-348.5273427431159,-41.64537148876221
709,-51.85093893457535,-425.7796322710412,30.287712883052652
710,1269.988137702111,-235.20030282623705,1656.4970468346792
711,1260.7294563151333,-296.32276891618284,67.08445200656342
712,-74.25375212357677,-105.25325328606881,54.27601108221603
713,346.1765003347003,-160.28825685439512,-535.84297555807
714,-104.8850606878512,-47.314652014942595,309.42104059538207
715,-76.62911651734896,-348.78564901955457,-167.9067244306132
716,427.59267304887175,-370.8066448529426,374.79900809083045
717,-169.9803282264653,54.36571999269605,166.7638612128233
718,-145.91265261518004,-4.87936377350501,138.4701143469721
719,346.34028460308366,71.74920718265135,491.51813270901306
720,-83.80249607875093,-22.87645773777733,163.22181843394762
721,-349.87459428692125,-184.95025048175745,-115.54176368906818
722,-363.5951056598471,637.4943891223477,-222.34126530877106
723,414.47116121784376,-358.67195883936785,-329.5141233949471
724,-134.6856461921883,13.757510433112149,-93.34249779511401
725,247.2361491592584,323.8847625145843,-519.5572281569056
726,-31.51390962364314,214.85705282175772,-315.24130662686196
727,186.23651335415235,-20.751579948184382,-188.05060236357014
728,241.66842036654606,-339.72073850709023,51.47270687418586
729,-325.9644219091931,56.6661985884643,-137.61947828745775
730,225.37008445554534,181.1276041497551,18.165167759487744
731,130.89397590820147,-153.1461922961399,-249.3119945599557
732,59.5860505192222,220.7099656472259,171.7535323210942
733,-429.96699756137,45.41750492491808,-131.52997877984544
734,552.6295056323702,-336.65108478774187,-578.6639466130924
735,-319.6133308136738,28.021173012192573,138.49424473501062
736,-521.0173027479948,-349.9470255927303,-4.57623468463197
737,227.81727785395952,-340.8089726773374,54.30423469933292
738,-365.8350951048318,-179.9257135182207,146.4498610695842
739,-291.45110763584097,-353.09279747437404,-201.31083401591093
740,-94.46131541170618,-335.2931126298646,149.60674945785803
741,-455.4417510217287,526.4081029762389,-122.55043512436123
742,482.79007288381314,-322.73531351604004,33.58068247501538
743,-25.855427020991836,65.02990755256654,-7.412130443740242
744,50.521215710404164,-117.10144604977106,-98.52451114823954
745,-53.83113550358252,188.1126909653663,51.61834089592517
746,-268.588451233481,-193.24093040030405,-118.2477820568168
747,-186.7799866257393,-357.58754868485227,-4.254210029526803
748,131.6144232029158,137.09640765468453,-10.956241228267373
749,-519.0807668502807,-349.3716048070622,-6.517625873212978
750,235.1617281116571,-323.78603954019303,4.052115347761443
751,-276.251264243311,-338.7669705967236,23.336911160223337
752,171.57180116186817,-163.54930103692018,107.42003356190305
753,121.93536738532163,-363.6472547651196,102.8103367958407
754,-301.2716884240372,727.3011190351856,50.51563029289414
755,120.10420264406213,-15.681522000101078,-364.30087543688535
756,-189.76822740695806,-232.19683648431695,-45.13054594603503
757,-411.63720770852296,432.7937189021605,-161.99329067628238
758,-22.25419518155955,356.80329972090766,-22.515267635956217
759,58.32653162291537,-93.86202189841205,137.94712701111516
760,-386.57491044419584,620.1733032759266,-217.87882482313103
761,579.7991734844832,159.59647628178055,-740.1049156233412
762,-296.0205547704467,-318.24045687411154,-70.4727255718637
763,-123.82986468076365,6.767908402723475,-67.21332180692899
764,-471.20722464365934,237.62090221148483,214.5254976864078
765,-167.50845328294753,-357.4034189487315,41.019270017687646
766,-157.12960697327256,267.87590059677615,-76.48363061734517
767,620.0314217499241,-98.61883899427382,172.91648929605992
768,304.3514484053165,-272.0766189684419,4.036570009632001
769,-331.14859432523315,-137.87445313153373,10.00248299820862
770,-223.94731088511367,-43.124540192894266,-114.34594464906414
771,316.90286714072164,179.31407175732045,865.5681917871822
772,474.2509715349581,1221.519501558067,-499.5890432434322
773,339.0350331127408,-156.01345078698589,-674.3376071449309
774,-98.88931723336268,-355.85075970486,45.89005672540528
775,265.1068904534768,-118.89476925610164,-163.2618032625418
776,275.33311116417747,-222.1266463593069,55.70272610335235
777,-216.79361118033097,524.8680224110096,-377.79327391078044
778,-537.2779117649562,-369.1843050730055,41.68364199668568
779,-411.83374759563895,-43.314680540879095,109.59883811109262
780,-220.62554743107384,-354.3663239546177,-15.671692017726528
781,225.08052627815746,159.1768355893167,210.50569871357067
782,456.3783669702681,-366.90760287903595,162.86963000983064
783,-274.0265000076682,364.3133117521007,379.3685838239232
784,-64.02416570062222,-334.12183075259065,-8.585801045996973
785,162.93422302428695,680.9582863994043,-254.6992839064581
786,-402.8897895281257,-208.9204985348524,169.84345414923533
787,-117.63805631399244,-122.48783360221755,427.30423378139005
788,-69.72640970910898,-356.66504335388385,81.9746006557028
789,-354.1095012630992,266.8355570742558,-10.901666643356492
790,230.96669114052145,-282.7263020954186,-329.8111186342438
791,-285.18538897385395,50.41949824197981,51.99488369632812
792,-66.2413299927733,85.36807713386541,-143.40667007817657
793,-199.21413378161478,-346.5705593524945,-7.913994848855367
794,99.36848739455145,-339.7272725764551,359.36664317796703
795,-67.3890326980149,-364.81823428145105,-9.844684576041885
796,-282.8131374727794,-342.6494448739072,19.568369450084447
797,-92.38705864830813,-39.73479184811892,113.05824853039644
798,-216.48602714685143,-357.01810714208386,20.32924276388144
799,-196.04291122944105,-59.22676915424561,140.20306317477164
800,91.63132366570514,67.46078241693375,-254.08805054627885
801,511.4792420756469,797.9166003432995,-678.8151243293867
802,-432.2866744801972,-139.0924661109249,-9.49954199796997
803,-329.6248889337413,-365.5890644995297,-42.629180662073225
804,-78.25983792522075,-127.35469556286131,-288.86617803831666
805,255.32148893751722,-345.62124974714254,67.06777567669958
806,-290.78248945800203,37.09986520490779,145.47958049386847
807,63.6767127453322,-47.69235351329177,-234.94755916613286
808,-148.5821622985965,696.952891752729,197.42097629837153
809,650.028118243082,-297.231900854873,551.008790358134
810,-531.1876633370583,255.53664201598858,123.84361293187587
811,-349.87819706894993,-184.95127778077645,-115.54002383717591
812,467.85761233783296,-308.74694639894113,362.6913582904213
813,294.30245307694514,422.74535353370237,-271.3500741075874
814,-155.7125323036121,-344.3471357191168,-91.32257266594004
815,261.43368653548055,-370.67091662983665,134.38903460486753
816,-188.93533478249037,-20.007901117712546,-117.4180155614576
817,-236.10115734599705,-226.1664709057785,108.45079790639207
818,-142.36179124672486,-118.65774374274713,-64.89181674737448
819,-269.0728880546769,-118.21249980555247,93.51449684119859
820,-131.99377141450105,-391.80765653532194,26.0691966909703
821,-268.1256677703047,-344.53778660983323,-126.81760490503267
822,-330.50191065209236,-363.6966157735615,56.848350259759485
823,782.6227263361976,-305.77811107212665,27.974922190497693
824,-103.96227992253976,-348.4734607590774,31.125891376484788
825,-119.32466472014733,-47.36721118138685,45.38050863766123
826,-368.3375176606668,171.16942811265653,124.38688415661403
827,431.17723641335544,-203.2231319551802,26.53885868568571
828,-248.54460839783695,565.3019351573619,429.70712222464806
829,-354.53974996926934,-345.1165460005283,-0.719716441659898
830,92.4229065667552,20.828826690549626,-321.6547460188468
831,-354.6075425332777,-345.03778466801845,-0.5879987840858405
832,85.31033762150147,-40.53369910769712,-46.49146971650401
833,194.16022666653524,204.60947866507297,462.77559913716715
834,-369.853813745285,509.3733902498227,61.99816477194672
835,233.48030441469456,-126.74300608145845,692.6666585448816
836,657.8393889276492,-35.67230790210271,55.46864018349987
837,-193.95245383906388,897.9525721778452,-225.33573309829023
838,411.65949458169143,-333.90255612809045,-303.06656238062925
839,-128.06584338318083,29.47322916301242,-325.4055329054513
840,-135.44549217252037,25.81669450479796,-338.21273016805424
841,-49.41197596652114,-396.6480805184476,89.03214254991829
842,-246.69535585107874,-56.470609114687996,30.684121064337845
843,-168.21771429809505,-340.53463101855954,-117.59678467890384
844,-66.5298114867828,-353.6032440743093,-194.6317744203667
845,-34.49396000992061,360.4152037077436,620.2863389534077
846,164.77320023319035,-25.667785189623277,-46.08924555237533
847,-190.58959897096008,83.43188939846556,-304.31589134731297
848,65.74425799652798,-339.8133657737548,-155.30558039526562
849,-55.34781589405118,-357.17736242999223,226.31511549714014
850,-165.840556518283,-71.91440282144919,-292.47324970057
851,308.0455651053525,-319.289995048531,17.458684885327486
852,-183.20746456131604,420.8876320120518,-39.54609574360737
853,193.87705434206032,426.6436329244749,-389.9349261340381
854,287.43081221200896,646.7466482935946,361.5424882208621
855,-131.7913229396608,-87.13337277651652,-264.137888306849
856,-361.2268083359799,312.801359749734,335.2807187257219
857,-133.9951875625008,-391.1548422430875,141.20519413493466
858,381.13406365405405,-393.5900985441972,-100.04997911986189
859,37.62452077988235,-24.1603007365886,-104.41522405777616
860,-366.9080089300525,-351.8036344740138,-93.23646536035176
861,851.804304556258,123.36196861567785,6.15706643363734
862,-298.4499410343714,-54.914588216046305,-189.7346645268816
863,117.04259087669683,-3.526161531022422,648.5177552531045
864,-14.336396510351966,-346.22983058246996,-190.89253129598157
865,471.2288273613396,-144.8276457400458,405.788338753969
866,-11.126785285173439,-351.5437305095238,-167.28115952435775
867,-375.95985500228926,-35.024052768926644,-94.5670968614707
868,-525.4889085944457,-346.971692613527,5.602558848978674
869,-385.49397668949115,158.17491267567942,105.28048795374656
870,-248.96649606186517,-348.10710153867547,-165.39137585176772
871,-132.80443791515515,-33.02140539569656,-56.78657337156256
872,401.0211509146757,-380.0094389830607,873.5980733975737
873,-289.3428352945615,-25.76286982028353,-184.91039003987527
874,1269.519817051157,-288.2564724690398,1036.8764197437845
875,-57.754827636038264,68.01314819998554,-137.41597807759183
876,-208.5317215483996,-100.27542060505895,-75.9969601484749
877,-297.91562802669813,-17.126769544226722,13.718119034790476
878,255.65527110428013,530.8082532796844,326.1026457776019
879,-170.3595248289915,68.59911611674215,-354.5264070769114
880,347.0377338605389,31.1784285547289,-265.5598105311712
881,-104.14646576092316,49.1669604466944,38.03131298333946
882,-110.99358058757771,-350.6472245899576,116.59422178647536
883,520.2582627950218,-330.69179939764183,-484.2916999856718
884,485.33397668193504,285.03215793451966,709.4140281101031
885,-260.2683685092748,29.313397791321837,-44.88592696409782
886,235.95828966691815,-108.25959869552894,-481.56720782257844
887,-362.2926481263099,-352.39527050342906,-68.3395777440567
888,127.89602095551483,132.16044811524657,107.15254609625272
889,680.6974592465757,57.01320514725529,38.2640753246485
890,-392.5151771165841,-346.9335145902507,-82.35123958783112
891,-202.35401353780304,208.01826933554145,153.97995962530268
892,197.62928059047212,56.47123190261568,386.5460748491452
893,-150.38014909479818,368.9579110615936,276.4198897406662
894,-522.271048309642,-349.9706082624908,-4.511930811363072
895,-305.70678177502407,-195.5441943760672,-80.21283886497262
896,1207.2556942916847,158.0162469341204,263.5287551331121
897,-522.410973728579,-349.4539209841608,-6.042734656809557
898,-295.9563747015373,-156.35525225785682,-1.059365187312352
899,184.08336552769137,574.0765562887938,-688.3322301838183
900,-371.13779085346613,761.6482654524806,17.369028697152757
901,-308.6793295969735,406.49903924169314,38.41209886495845
902,-113.01518305529196,-354.9437787333147,-44.35658838505568
903,232.32887041089583,-363.60351973396035,120.07016692372541
904,300.33281876975747,650.4574063483801,-663.1104375278828
905,246.2506906396357,777.4331722329366,-586.4944156131073
906,-11.992391556827176,139.07738913035988,168.13751446299332
907,-14.900531538223703,152.91762773300238,-227.5299660957682
908,162.9763154577717,929.3134532526021,-540.4445589230713
909,-63.717015645246185,-339.5764038509695,14.734760484556276
910,378.28678609770776,488.5091851093453,164.686500129406
911,318.22666354694843,-68.89181048421072,-396.9264114103204
912,-212.85225266352396,1055.6020668167382,-331.10989757607547
913,714.1860754245928,529.5032244260348,15.733332641235393
914,-218.64373843419673,374.3900250443113,-75.84048765379157
915,28.312380710436738,-342.5774673907772,-13.854808059414097
916,4705.0785302147115,296.4137014476066,151.27395298761985
917,28.97216098912744,-100.49469262717943,249.94146394406056
918,-175.78787404761397,22.24804234936376,74.97552552412347
919,-258.3937493736955,88.18899318737147,347.4499124679866
920,-296.4908129281264,-9.7092683931459,-38.99696281780322
921,382.9022624137384,101.3178709832577,277.14956375014424
922,-85.99409171545213,-184.30135354682608,65.2304646646544
923,-220.4638585626473,510.97003543420533,198.73794426758116
924,-448.45811128411066,73.84453227897946,246.62480491145035
925,252.2862221199758,35.69131862593236,-161.331758608533
926,-17.685614973650143,-349.45857799312887,-72.93565701691772
927,-456.28194940856133,70.75235521646299,-18.603742904703267
928,-186.8441337157572,-352.4638643698487,50.87087375815439
929,270.8767972836963,-336.7074281378254,55.55429235883426
930,48.06141492485202,-284.9639972661593,-288.3025079484971
931,-15.561796319754658,303.7574075283553,177.45854022562918
932,19.60809534975471,-363.7481498729997,85.95859943488531
933,420.0137837811655,-229.39569726479428,96.67300600534873
934,-58.47506759436791,-125.60068712063679,-25.62126901145664
935,-360.23751768151686,-345.6675303124261,-1.0953478220950785
936,-170.15608082228974,285.92841408224666,220.37736780100266
937,57.73520125340005,-151.88894512286288,-40.597553107709786
938,-103.61286224580869,164.4755556427037,-29.49079626148606
939,23.27476546466997,-357.0680209357998,-117.99267334420068
940,-258.3888520801239,37.190972596642354,165.3544089403541
941,-44.88446113886741,229.17316741692562,-354.33611205715516
942,-477.4977098829745,484.1119963164664,-7.163273915667645
943,317.279796210296,-307.2244567730979,404.7517078507829
944,223.28721180764305,471.9569354072891,656.9337670547249
945,-384.9301610211246,-64.22679903655737,214.16302076219415
946,-123.34900268449287,661.9798531272997,-117.28824724989718
947,-263.5336185837953,-219.50386958866528,144.55284210168347
948,-275.29879930707784,-352.58417658552526,-107.22939826237264
949,149.60088821532563,303.83804080646087,172.3710322387759
950,-407.49660626492334,931.7857972609736,-2.2171573284221324
951,996.035636255372,-93.4270855269956,35.389925327551055
952,-362.7065621240887,-84.75960508216893,-81.70170620175799
953,156.948754342136,624.5050579805871,-202.32104017756916
954,130.3905026482977,-69.44657786611745,676.1767960333323
955,376.67958716492376,535.3241812468615,253.75858256705473
956,318.31152810386584,232.05961156267375,540.8195729868858
957,286.2298349283695,602.5971445825444,-617.6709623645445
958,-208.94119680860535,322.6784057483983,114.2729116439969
959,138.12545258712396,63.45494140922335,427.7211984145856
960,-355.3259768855742,725.0858109563285,-87.99995337258147
961,-132.81194740653135,108.72687732690046,224.73541620241298
962,-271.6992848395595,459.5246835154835,-130.98333760982615
963,-164.17400115343293,-357.23469092124475,-65.17175201066752
964,134.95620461600714,-130.77307733733716,277.8584414319711
965,-113.07886153584326,-354.9200323650364,-44.313324792833036
966,-454.974903193908,-247.85999099087095,73.3392908873767
967,810.7820946136839,59.01471249003001,70.21109275116106
968,-354.9812784753992,-343.21296100391584,-4.681727817786907
969,-161.99927867279814,7.589605490401762,-137.19022138656135
970,-82.4273674493507,-341.69078135739176,-228.8541680592219
971,-127.91629400596895,35.381155758769474,-177.01416766420667
972,629.5876506772246,-335.4584413416833,-665.4352785036024
973,459.31867084131756,-319.4478779014309,20.51020427450885
974,-437.63503621108987,-357.88098956664095,-13.850327069357945
975,157.68605931627837,-108.9775525937903,389.5661619753072
976,-151.9906655014036,-329.2243524187059,218.5105022996275
977,99.33580142353921,278.6483060926083,238.35494686851098
978,-279.73879866713895,87.15645974859184,-191.20883554802924
979,36.87067665240068,565.0393360680869,-25.157807682168794
980,-7.693236829369402,356.5240313223816,-150.9707840658456
981,-168.43977869091682,17.092184972030182,83.97543594400045
982,615.4562886256751,-328.70886998922157,70.58652555535241
983,-50.37451105147709,-350.5136436897751,-189.26442333418086
984,-521.6738140356488,-354.691270766537,10.13504453323793
985,42.80681372180329,90.61801769019746,-196.27942766204222
986,575.5539032267615,-379.48290777340463,705.5774390326575
987,-392.79197543964773,-51.565552201861884,-3.3114112310231008
988,-23.10510995809031,-0.6758125025647893,-356.3277067541821
989,179.298204735422,-355.21217830027393,-151.61687763556762
990,-143.78578054272737,8.085212762258113,80.05692873007492
991,-174.66685732251634,8.773573140720396,98.38415929802392
992,183.88316627796817,472.68828578868204,223.90243290518634
993,251.41352063033145,-334.8646709568014,-253.99284657728916
994,-125.13812611447268,22.578875296347416,85.9308869027422
995,-16.38043682055791,-131.90509528332245,-69.86092017796568
996,-196.2949429187612,534.9680173154308,-41.12237609440824
997,200.3330612927473,-349.60266046992535,-163.7926976715193
998,1504.2764969259085,-310.57184567829427,143.02712648586044
999,97.8053287127803,-180.8160549917546,261.306595815864
1000,-522.2923998046473,-349.3059890510757,-5.821154418206106
1001,774.5773816242888,-338.30660808297716,-801.8127692335116
1002,256.2452749850941,-314.69660010014775,121.90380607116614
1003,410.32749776193265,-328.99938213173755,-362.252825166071
1004,-50.33385462875323,-278.13215627519185,36.288687326001074
1005,149.18298312187122,-149.6012927851897,666.5062007796984
1006,-173.67304390467066,429.1719897583475,-6.029397905995538
1007,-351.9580024923999,1553.3964461639125,428.1306641628484
1008,-7.22992477607604,-345.0710413204187,-218.49962065405668
1009,-165.0520656895656,-342.815665956723,-181.7562789257401
1010,-80.32273536796606,-347.05504218591193,-209.21535770583424
1011,-523.303463265857,-348.55425510909015,-8.235530253858485
1012,172.04840931947086,-319.0363402210235,393.9657528705085
1013,612.785531802951,497.21443139820263,1211.5993423926766
1014,9.164699843427973,-10.917502560118605,-100.40572956059195
1015,-7.684945207102376,-94.14754066839487,7.418759438516737
1016,348.03402748741763,-89.78118464518495,10.778483369302933
1017,-144.4080934375826,-153.40326090328173,73.58896977641888
1018,-415.9067348187792,-356.4493291460529,46.22656272508212
1019,-250.24841669217227,-274.17398748225855,-155.08641495553678
1020,81.68970772785161,55.283302427757114,375.48750061324756
1021,184.86569222925644,292.49535310978996,-208.85935273202637
1022,-314.70453085630544,1029.6388280398078,-140.99598991063237
1023,-41.00998790466639,-310.6656740243872,133.55464689563095
1024,-253.10967639912627,224.0602629476213,447.4164675028622
1025,-160.3202822116785,931.9720762744636,136.06598823213676
1026,208.04217460171986,-181.41182091646098,-308.54219461174114
1027,-292.75272235274554,62.5813288093232,54.36405338444884
1028,409.76057846478585,230.53541431091404,-702.8470220530262
1029,270.7567119927776,702.2514352870263,-784.5400454439455
1030,-160.3638543750274,-337.0565383863674,-98.65884258611845
1031,152.03412905738975,45.374516194897645,-253.58762032234216
1032,-295.7804089675511,45.17394939096691,98.47608548144595
1033,233.7121280348338,-110.36523438043027,37.50551441182945
1034,526.9861723906056,-330.646394252594,-467.0065366318495
1035,-493.63667068704484,-459.51186226677777,335.7733259098742
1036,-135.4307878035103,32.08584464529355,197.09820231350736
1037,-177.72216791035675,-372.1060363955775,94.41409117759925
1038,30.107554268578603,-332.3236073144087,-41.87582740944089
1039,-164.62614762527858,1203.0726551691184,-305.17153651739443
1040,-172.5993642102506,269.3690941168328,339.45166504850295
1041,-224.57021977173494,-61.578982957914434,143.22083162097766
1042,-152.6901209869279,285.76121341038726,-103.6911549142304
1043,-118.84016732442655,130.87697631232442,232.9215398518701
1044,109.99260242935476,100.55761204401264,16.846002012984442
1045,-520.3048591386605,-365.39238326484315,61.74231512506876
1046,-232.24161251406665,-135.79246904187247,17.996316122178612
1047,-127.65827048465724,-187.9175385734358,-161.30064561629322
1048,-526.2591368460252,-354.2860760017145,8.054647593587163
1049,-518.2148072389766,-351.3060255780197,-0.05067883830355413
1050,272.35273601005,-360.9179002867103,-142.08099083657413
1051,-57.78073175390171,-332.82048881439675,0.5094545880007075
1052,-233.0977899708435,-146.0060341654431,-222.4085897628113
1053,-143.5658939343499,498.79347242800225,-113.53810960827599
1054,-294.0209380085103,-37.413850442485725,47.73662328086563
1055,453.884439639096,366.48090638926965,-22.451319073481272
1056,150.08607268507745,-60.58979453156053,-296.7824967656968
1057,-30.715448375031016,-116.43066516083529,250.24675096028238
1058,-329.49515225763326,-231.8384616874642,20.235942728959714
1059,-186.1432943425464,14.559823689116357,517.9217769919995
1060,80.13014944191268,-201.71308488216653,-133.98580970877944
1061,-217.9211366809218,-462.4589496047455,179.69632915021833
1062,840.2815234516196,-293.88672815752113,689.3393311668488
1063,664.9193378672996,830.1898558522962,325.91960777999793
1064,188.48161178881,242.78339239557133,549.4477309713025
1065,-219.68474830204417,-179.55148496783067,43.55637492275093
1066,223.95570700573217,-341.01387368199244,-245.27980450997262
1067,-525.3652720248006,130.42565943260612,200.94225205176883
1068,175.58550505676124,510.19817246348964,371.92957656388285
1069,-306.3229843353355,117.51323710517694,33.26862241540607
1070,795.8247893531585,606.3689874506194,-21.72713878338442
1071,316.0000387709424,75.38087361195848,355.18453484851966
1072,790.9725785541169,-332.3917868581502,-655.7043797580923
1073,583.7691231076723,466.2685957853702,-44.864000287546844
1074,-189.5954793384348,-351.2846649559067,-22.396611451916385
1075,-223.9452082503045,-28.99531762982351,88.94758853827412
1076,136.39395889695763,-156.53327693384784,-349.6504526208819
1077,-152.59012480995327,862.231273921489,282.37076544737494
1078,-347.35111002130446,-187.90003429529352,-120.46238684404125
1079,-68.50605599290829,-95.15421970474377,-192.9710918662915
1080,-213.48793224233557,-98.57844220403706,-19.979532977820526
1081,-411.5587581632743,585.0841449189746,-157.97605558256063
1082,413.4284670668308,-327.16103079676674,37.380996352067
1083,127.02389852652479,-54.964171268761405,428.56689388469636
1084,-110.74234728310273,304.61697311220314,-34.15113984975595
1085,-136.7182269856399,79.58384100054869,-279.4787539732764
1086,170.96009098141482,136.93830501384164,-185.57119656247167
1087,82.74050381550482,-369.6955934355279,-4.74449161135982
1088,-181.62193735669945,-350.0578232634452,-86.75641969538957
1089,101.14924860605221,-64.27614116867841,249.9658959214248
1090,-521.990778604869,-350.00644247077975,-4.591454809940785
1091,-253.2445437109479,-47.98780087281544,-121.65195852720021
1092,345.5240248588009,576.8219344149838,-509.05190014428916
1093,-392.5245807218036,482.65398739807245,-171.2440961263538
1094,-303.98642717406767,945.840447672987,-14.362366322777163
1095,-139.10813451682645,-291.8171527974463,-170.1817583001822
1096,-229.86982132670624,-340.4399520036003,-46.605982095424054
1097,543.3583986147019,-319.96069275674625,50.70842855833837
1098,-506.85319698715585,-67.25599290064712,-8.283714538637469
1099,201.1953604464013,470.61613600282584,325.18831419462424
1100,931.9799386864408,432.841116690323,1616.8178153757094
1101,581.8974969066896,869.0432747736965,-351.2527510520077
1102,-99.3503344619713,-189.70464522040524,125.20030724114088
1103,9.155726440802644,-178.7248177135504,555.3509870360788
1104,-202.10582749588525,-347.2681523131966,-142.71059760460452
1105,-94.21460828595534,30.76531911316516,87.32395206611984
1106,-113.24788490856919,-86.73156585274265,-14.336475606896544
1107,-173.10475998000072,-354.3421105943865,71.86064445721401
1108,-83.33463342663987,-349.9958846838883,-137.6312135206031
1109,111.02697548539173,-101.68941713976105,77.94032298132065
1110,-87.56610773187059,325.8715158693442,92.76305524482835
1111,-40.82955463860882,-97.57602122443997,70.85745906267313
1112,-386.9085950173747,608.0914311905362,-163.28620061326032
1113,260.987476867201,-104.79341033444726,-578.5270123509055
1114,463.67749227403607,687.6293918987835,-508.6690447402153
1115,-192.61014957262935,12.234303706119151,-157.6327669745905
1116,114.52746141089048,37.31280369458244,304.57690942322694
1117,-340.22793735645604,598.3894127716795,-159.84721893609594
1118,298.2949175757797,-312.8368495823624,466.51452125380865
1119,195.3009681689849,575.9213505614019,-669.9382022462373
1120,578.7342399778436,-329.5388616023297,-417.6865349911541
1121,320.8995520070196,-317.9847224357736,137.57176589613834
1122,-393.5967027139159,-345.45153034037855,-72.44034345898393
1123,-211.6957280027444,-337.32972086532095,33.16836855813034
1124,-418.8673443819595,-369.03643457558417,80.35897057347836
1125,1066.8272574333587,-297.9538368280512,44.34500867001748
1126,242.54418480369426,-338.80386425730296,-249.41560568812992
1127,-227.775409584001,-196.20371618202094,51.718172876231364
1128,-332.30186930499343,-351.1062611598372,5.619575231545809
1129,-480.90371181673345,-229.0740038640238,47.09555689798668
1130,335.08911563192777,585.853339211534,-535.1531761919786
1131,711.9565603881325,1044.7831815271074,542.8565496209526
1132,-155.67055701627552,-370.92743454349977,-95.7489716977637
1133,-301.5779481357621,-29.11632369396051,15.206867431707082
1134,-147.81279430949317,-345.06350969858966,-42.70844547081289
1135,39.849678914988694,-343.65455203818226,-221.08825065707254
1136,427.9525282219863,36.46683623213961,-588.9238114711948
1137,-293.54083894335525,-345.7281102996461,-141.26407029809326
1138,-88.89169427433899,-147.00793044641307,572.0620821336709
1139,-209.54885495350626,516.6749488078823,104.95190392060935
1140,-394.0405859129209,544.0916014760927,-140.7297748476471
1141,-201.51928337589715,-8.137698798538498,-256.1727797144319
1142,-342.64575054478047,-66.55783833328937,-1.5074912302579264
1143,952.1391692906803,80.89160583994658,750.5706519826498
1144,-375.8698934499637,397.53346340643424,-164.54349559212346
1145,709.4722830304592,-339.62672357326545,117.10492310023335
1146,473.591049598018,-57.22357961590628,73.96990437972028
1147,255.2113307368015,-66.4590481243458,317.4536782231138
1148,-15.68030612136656,-318.9626916867834,382.8214396790758
1149,329.4098183885201,-166.7066980785746,-249.25696546486628
1150,970.0757285697516,-376.1124019108968,261.2192879781258
1151,-171.50751992036172,485.6644724653797,-234.10890740766646
1152,-240.31779693300058,376.3983965701666,120.63915915760498
1153,-320.91308177286163,682.263869001438,-216.90586173659716
1154,-457.1617268758504,-53.423761256325484,-87.81917561074138
1155,-249.51910138767764,235.64632336300525,120.23335566441028
1156,196.54667665578813,-83.22363348420282,277.536541588681
1157,-344.8847989226322,-195.04450316124033,37.07831577826835
1158,-274.2581782332663,-384.5694321693326,59.59997031212049
1159,-22.632144548395228,-134.0160443291757,-53.92581351975419
1160,-279.62696968336417,80.91939528128923,-23.476456039440023
1161,270.9740751668576,-94.31286101587044,72.41874995256485
1162,-359.08780676614384,160.05071959536824,-94.91036207921977
1163,238.22653863471606,844.4316709186209,725.6487586761084
1164,-78.14872964704745,63.7751669643058,20.172844408277317
1165,20.49770336206626,-360.07278932818093,-160.69072358281278
1166,-222.44258148433974,-353.6117692185413,26.817344847491142
1167,175.98298320682377,-118.08336604516083,320.08186150753886
1168,-177.28722957663337,-132.25747427512843,-61.70284120043398
1169,-391.24896540368167,-180.12164628484052,-31.89529700956959
1170,297.00981146464335,342.6439704737265,-122.77056712292173
1171,391.09743177981636,-172.57758000413384,251.1930826250503
1172,-190.28265218413296,-365.7169451045016,268.6138925538436
1173,357.8957661002518,185.06686590678228,32.222507421978776
1174,-91.93894275544723,-72.55768994491687,-331.7238196521887
1175,79.70919657891248,-170.86314245977675,23.159326007929153
1176,-88.07512954756983,696.4528862385179,-325.50290736842584
1177,368.7615666185411,258.1073673472561,684.9876755208577
1178,366.9172712591066,-390.9788174541306,-114.50637764801516
1179,-523.3261032583606,-348.52771002105726,-8.19153834239728
1180,-393.7213880839962,123.14651196947237,209.05584978449647
1181,-94.39623285940299,-34.62037931248076,6.362760166101047
1182,-386.46961287737525,-186.95115395234586,77.40843652062986
1183,-44.53916596729036,4.778856675047765,-65.6978702948711
1184,-270.3479617861724,-44.15408422363598,126.73841905768113
1185,-229.2670053881371,56.38723634482115,91.73720228505167
1186,627.8676216510203,973.6426157402633,-826.2138080619083
1187,-247.46959040100919,101.7020122331255,146.35594686385474
1188,402.81376429920874,-341.9202729500671,79.40070092547342
1189,-15.633473956481698,-348.65504438554603,-61.57358421826934
1190,-167.49693426565386,-42.09708239625512,112.2948738715737
1191,0.32044828871298353,-346.1281789426663,23.681827820736117
1192,-138.59740440655503,-370.1529650620052,78.42944070124314
1193,530.2078501678476,424.5735587698624,3.482417083045391
1194,146.73460792611118,57.93677598566355,431.5757106041167
1195,-440.56001242040173,-348.7092289234893,-41.95491082545499
1196,297.7632919890087,-326.27571520094256,20.39263172309589
1197,751.9162029569474,-338.03525869900284,119.1100147573182
1198,244.68818870648306,-356.16997248285196,-179.10665347792866
1199,-11.53793826036599,-192.08458606134437,239.0371749861559
1200,-290.99864957779033,-352.1412895345025,-203.65552939750333
1201,79.84079273284293,-344.8345336747401,-294.78437703012725
1202,-291.8932863404039,-348.3074516154873,-59.18696463264922
1203,314.10940771142344,-332.7206231769691,38.41459560956268
1204,-137.9446078238364,-31.61850254724999,-225.45140208129715
1205,-55.651837241522834,247.4936754898043,300.76063566949847
1206,-474.58721972649994,-36.20217075304544,52.65730339491381
1207,-175.74746972142492,-86.04359703862826,-83.12147120736111
1208,185.4643503412864,209.8360909234614,704.5447806754871
1209,-191.88917671029384,85.91719329540244,202.13376865379274
1210,-159.78276215469108,-341.3708961359002,1.7779801236433457
1211,131.52109871509612,437.3766761111418,358.1666324103817
1212,330.8398068135956,723.4140380243098,-732.452706928902
1213,-208.5596242881813,-115.47443610600949,369.80112775202304
1214,-67.64493503372725,169.09391119910848,-31.46840835549839
1215,-367.3304383252177,65.00864808101036,-28.428926891589555
1216,-521.2567528847253,-354.76253072895804,9.986658032047444
1217,86.31881290346861,-214.47191202606362,176.1921347640719
1218,-523.0435917704916,-348.85617355037783,-8.740447941225739
1219,-405.33510914151975,-350.9057288381736,-81.11890953200705
1220,-531.2047879892935,255.4187216783612,213.64994460622813
1221,-270.31933317486255,193.50159361152436,203.24138814130518
1222,-251.35505507509322,-110.20272626486627,-141.93836125847776
1223,299.7868611583934,564.0613990038113,-537.6115706983046
1224,-39.19602888479866,-24.48774298509372,-34.13042586298349
1225,246.48579014008715,-54.13597355600044,-487.10977869156886
1226,-242.6566865144623,-389.9827836333605,-41.35657590638384
1227,-367.25056313672894,-124.34215439964913,-145.81248247451558
1228,-253.2983474053418,-18.542600061267677,142.48430520151038
1229,465.5407048500911,-29.647403788686393,627.7193134681569
1230,119.83347281529655,257.7658560592513,410.7761113513922
1231,819.5918761397123,629.65121687881,-37.20664126403801
1232,-521.4657699476185,-352.8973651956668,5.446520732161218
1233,-93.34927447124959,-54.27439444305044,-151.2273349061639
1234,408.61125569701204,-333.49591418047714,-461.21166540511774
1235,-238.75371530412568,-342.7330058364213,63.777925648530356
1236,-153.36711667428236,-348.59946540023464,-112.47402177673415
1237,-332.0916803741537,-351.33842904341697,5.222805697505436
1238,-87.70628963518844,-334.93322132149063,-7.642772735999785
1239,143.49348022873673,-198.37968501770072,9.887887563264314
1240,-37.88948391847184,-81.90449319966073,-207.0417612517725
1241,207.17527444898397,-362.3048754665154,115.45788747832282
1242,-428.4533757284818,639.2340523277112,220.24138154095994
1243,-179.68836074456144,-95.91737180845467,29.922850655322968
1244,258.05630491309313,-321.2327149708363,13.452698930153034
1245,216.99873972022488,-388.0023765454188,-126.26160431499224
1246,-284.5782174596982,-359.5344348766393,-101.81174778214313
1247,299.0725129097869,46.91997970332108,-186.42429607883682
1248,-2.7099001658283703,66.06386701672153,-168.42566694546161
1249,347.3595070666093,833.617802347618,-514.11714878188
1250,208.62209375301407,-105.5619254790424,40.05555296598601
1251,254.82254192971737,-336.8713199538143,-233.9972280379391
1252,-348.3510602599195,-47.08651344597324,-195.34114854047797
1253,-128.29938491311813,209.4352065260238,319.12827952625435
1254,326.3920331344769,-332.68920156697214,288.9337163111941
1255,-149.3479787506397,-133.3115984957798,-185.5233010984081
1256,-181.70846539826883,58.86228720277384,193.74444152297258
1257,-292.5105290236227,-348.2736423902939,-216.58211578415398
1258,109.95866682393637,-201.53029638876157,-310.2053869109519
1259,275.7523088898926,764.3993873170098,-244.91234928023397
1260,476.438930931948,-324.40157803389513,55.533562281617805
1261,-90.25271456464766,-135.51580633708983,-135.79079830179217
1262,176.560474587474,-367.3454926888385,-332.19989900232395
1263,-146.62640773086827,-346.55904085545376,-113.34431743457668
1264,-44.440897351858354,86.2417816419122,34.45696712459316
1265,151.79787122905492,-61.04027891523705,-292.6712702441926
1266,483.1363404152566,-334.3943646141263,-470.1017063305799
1267,-56.80879175431684,-348.08748996529005,37.0228026247297
1268,-463.79389382677266,-50.595401003318564,-2.1991091536016256
1269,27.47849886820559,79.23637075531,-28.150469453080948
1270,157.44960765929798,-58.20645067809258,36.44315519378481
1271,-109.35154802422116,-335.80569064984263,10.22195019399787
1272,-294.14320178258583,172.39668521993633,440.5424203715696
1273,-11.401469576420824,-71.78521559948241,452.6637578154267
1274,583.6266086188319,-316.8678323556999,240.89000195254394
1275,221.67229100496232,106.4753990718622,-564.1201256433255
1276,-105.40613865913483,33.15291733011563,209.05259397976863
1277,174.1019670875705,-94.9689448567822,-185.98449251557955
1278,-312.56084918812377,166.79831186898934,-43.021804325693225
1279,-211.00706875090896,-337.9516818533077,35.82269869206743
1280,-194.41455103615846,-28.581738737669045,-117.47465641368927
1281,140.7741135870986,372.32988516113244,236.84381115365207
1282,-291.4041704011222,761.0344918940722,-107.70081974601611
1283,-369.7492683405995,-346.5589989979923,-106.86728436203356
1284,145.05489164948392,-345.3528228421157,-391.9213053483746
1285,-291.28295717014055,-349.9070907528684,-128.75528826000107
1286,322.02178775247097,262.68091815165445,517.27639006473
1287,112.03074924514495,-121.59572440957437,-255.4005307078814
1288,-265.76813777354,89.6634431801715,28.123113703725153
1289,73.29071766654225,-372.3143880571425,106.58329778539557
1290,-272.4956218871825,348.4809541299264,-115.50549918471508
1291,-166.77316062058787,124.7300215976438,-217.3716132330272
1292,-16.61496641681433,-341.4339875328198,-82.94606087781142
1293,-405.17520070522113,415.8990559369551,-134.04737632014752
1294,-392.03562470422975,727.6947933774185,-231.46284050022643
1295,-145.69087767878773,-110.25941096417134,138.9332118914212
1296,-51.69711599734053,456.2117886849479,-127.9906066338533
1297,-348.88301285999177,-144.15387035444408,189.98773402318838
1298,199.69734792272752,397.03310655902067,456.1205602407126
1299,17.531561888406532,197.37986451806776,810.4189751718861
1300,-293.46083900665644,204.69777178432767,71.46478082225009
1301,269.4261066852032,-163.49082669269697,371.00021833156325
1302,-139.32364510436753,-94.74920097225306,49.850026156831646
1303,31.956210734809453,-346.33811804016545,-189.33942448139888
1304,523.2814836887256,-335.40654859887485,-312.64027661198975
1305,-227.1629672940827,41.99957534616636,171.96414822936413
1306,-96.71924238339531,-342.3963479560489,9.784145128365353
1307,-182.93588975442447,558.3761324695402,-197.48672491109468
1308,-146.48019804769632,292.5375511056074,-4.2619540300192025
1309,164.17776590883003,-180.41051666902348,358.9925974979622
1310,-4.055776929418758,27.02069744490624,0.3768763571211142
1311,345.55972905758466,278.24706556101296,-2.4728595214299105
1312,-136.7367726016132,56.332977313123365,-168.76888987414534
1313,-0.0747216585209486,-346.26626278569887,36.676725402426925
1314,-231.48709726225266,-41.07453144127053,67.60912961216336
1315,-276.3742753674063,79.75366733116911,-71.56581954553734
1316,70.588171341006,-364.42693771388986,94.42769097329119
1317,344.30450913342105,-340.6974399991429,68.64215072704927
1318,-192.99326197368174,-370.01687834652904,97.6146720459202
1319,-184.52485081794455,81.95837992167408,-95.92725436840126
1320,-239.55130638694047,713.9259056320567,127.09717688277678
1321,-487.6475491900734,-478.1060327785711,389.4928072663494
1322,-47.906730658445156,-93.22325276723522,-16.917724057085692
1323,738.0117312848499,96.37609927628299,868.4306606638958
1324,693.2254458919152,-330.19355653730224,77.40092401837995
1325,258.25381094297956,-340.4556152301149,-516.1120324209221
1326,568.7811009489823,87.38580255404382,1110.1503458387415
1327,-230.2119197453651,-137.1433054734785,-219.05716242918373
1328,168.75148153020004,-28.11441682554913,-6.207770194643601
1329,4.780975904280411,-334.77102087402665,42.839983369484244
1330,64.97726759700309,-382.36657097301884,-64.67816113356854
1331,842.6611254718229,32.46314951068661,0.3459581055129206
1332,-58.7211539496981,-107.96156163025593,-375.8338486694979
1333,497.26685315017323,-343.5637686957898,-384.18475134622156
1334,-212.34867527632494,-46.65869901784812,320.2962257013586
1335,2.166083299789559,-197.20145015410628,10.74144719560301
1336,-109.10964268807989,-347.94124457900557,25.36706075285454
1337,2991.149955147622,-229.10547585018924,116.07398935309584
1338,-268.1000365809001,-172.6773547036688,48.80112976766125
1339,-297.63294910797094,-110.65496921629268,-231.57583509634995
1340,358.19890220880364,-340.95423847616814,-591.3516914701925
1341,-230.20360255416227,17.004060290363977,195.5628207702234
1342,29.226613195231852,-377.9804027294553,-107.47291212741305
1343,-197.85073365938507,-395.431435455799,42.12745572957345
1344,-441.3014266011541,-347.0278223265335,-44.89586231570149
1345,-200.0282297850485,-48.77427080545937,-54.019956927349114
1346,-29.276160666366355,-29.71124195677256,-48.58287880022129
1347,89.36066780751283,93.8105258745218,7.260735827330301
1348,-4.860696621637402,226.3858601749416,-307.8632589513535
1349,-207.79762972811452,678.4792103243349,-177.55530838843524
1350,-118.33807889336099,-138.51193494911945,-78.37594593170974
1351,107.95975510121238,59.68982229416401,-408.4608163937679
1352,-209.7041398437856,-344.81358711857257,55.56997679630523
1353,-134.45382203867464,-167.12094671188612,7.154304144600161
1354,-59.10135500984307,-11.400483953884766,-276.8048786156427
1355,103.70578656379865,-331.9580255230516,446.81684761393296
1356,-103.36471979778756,-80.85438660101943,-404.5658279159911
1357,-105.14234806332951,486.9431832023314,-193.25812668467066
1358,-346.900192177694,-108.18470802389461,-124.81040231807563
1359,-64.28036452175954,33.493680265251776,136.2035869664059
1360,-196.27319425210223,-351.6313437062537,26.888705996564568
1361,-162.67856762344115,-216.4326432548538,-19.734409631003928
1362,606.2286999502771,-367.2455972437636,-485.4797332860327
1363,232.7229367279427,-343.0688804616859,-380.93556826485224
1364,-354.6075425332777,-345.03778466801845,-0.5879987840858405
1365,-23.540720842807296,-15.136822056345933,107.1291061176217
1366,397.2062579969779,-80.47798115298968,8.408201919200252
1367,238.68924059043223,1005.0583962502755,711.5020353268425
1368,-362.8969708831215,-52.595853668839425,-118.71285808372281
1369,65.1305922756941,157.20467106475274,-42.01866993907096
1370,-317.3182008767758,456.0216614113756,156.2526510229646
1371,-126.76134323362842,-70.96079564682061,-82.68280095869703
1372,-108.45117812339628,-39.09665024670055,216.8812396508692
1373,-200.74809112933295,-95.9790113984922,40.4825917690867
1374,-32.765197123798856,-366.3203892852948,-161.06343636371108
1375,232.15871426177662,-363.9344229716859,122.10016573119239
1376,-425.79764955769843,-160.4363515765933,116.93582109107906
1377,988.3660702455885,1124.4533132674915,173.98809193496106
1378,-65.51738169644828,1149.7416068416462,-375.59943771215126
1379,-413.89029710590137,-345.9892597543022,5.193007898604463
1380,-84.54360663221473,1750.3731461426123,-530.659249891064
1381,-59.6919085107211,198.73741426905553,219.6136657567025
1382,-18.678738900436027,-324.49699922365863,231.80494169259237
1383,-368.6362936492652,-342.07836432563846,-79.80750095373216
1384,-214.24110829677886,846.2395487760779,19.24176828540913
1385,331.17991979003625,3.0869229735019696,-613.5916723379142
1386,-374.8401444500328,13.117737915788144,-11.03102183162244
1387,85.01229666164106,326.8945582088037,819.7394319268672
1388,-201.6286065362386,-17.515511931271746,103.45931471016564
1389,-229.87402733012993,-15.315205626194672,8.401446164141959
1390,-67.97412299824643,-136.38764103124154,280.16982302213
1391,248.6554742015102,-341.0709596614216,57.61214942075249
1392,229.91252301603902,663.1213557167874,-780.0073526525805
1393,590.166567997363,-314.27743156558216,25.31285868408338
1394,57.7291689876729,172.15040841942104,89.06812880811164
1395,-13.49526073193915,-352.5227793097031,-73.68290162391929
1396,204.71286357625425,289.3828293510186,-225.7740527483713
1397,-4.35002271911678,-337.201280266341,10.653043518607419
1398,23.653152609180513,286.25126223262924,-155.66568894704918
1399,-52.52728497656438,571.9789128964458,89.60986716089388
1400,1027.718004271467,-376.7050164717188,270.92984820963704
1401,-25.64098029281569,305.65081635933115,384.75331576724767
1402,190.54588006724376,-367.14923239507806,358.31647975117266
1403,-151.91974916256206,-127.40802636762874,301.431530008296
1404,-385.0231945621376,-372.92190541390454,-4.984541975949128
1405,105.1229924585801,107.68401142279005,2.4136574904471644
1406,-126.16727015954689,-112.97013135083033,-285.92891374919526
1407,-148.92076245857146,-102.42265537290685,-12.569398091659721
1408,356.8846914233954,-302.93778450919586,537.9098456941738
1409,313.30783028590685,-341.2531377155088,62.987379427965536
1410,-126.29475870931267,-28.33590181775529,110.66436907308639
1411,-2.731620944291112,-66.9602469727216,-121.49591504838791
1412,-521.8727677755256,-350.9362638634991,-1.8421132810984773
1413,-262.00581072672225,100.67381684303098,22.65661837163522
1414,-56.26925420312056,-380.86761222836464,78.35858672718463
1415,327.6289953855484,28.393438062804012,-168.87810632611826
1416,508.5233363871511,-341.6559251846091,-413.58027109676283
1417,-158.40866575588794,-8.384935351364733,-51.006709684521596
1418,-114.360204676315,999.3808236153193,-82.6286596286649
1419,-20.076492759933434,212.77906704002652,-295.5752965927669
1420,200.5551236335921,355.10566328271943,212.10335731319674
1421,535.5174226182774,-87.19748718961146,-369.783584753863
1422,-403.37931602278286,-196.1923267622216,-70.4409164748395
1423,-182.44408167258098,-337.82582161753953,60.07970575602246
1424,-8.136648020174523,150.76795499892262,73.12218803211161
1425,304.05875326991963,-339.5840293297646,-429.1096213327902
1426,-77.38766620365026,-42.62346914744592,162.57918458559098
1427,541.5840526766791,580.0392721911517,140.2739031665339
1428,-149.34241568059184,-36.965541589182216,0.4571551631876929
1429,-142.5076119109293,314.43018144640223,-224.21371777693253
1430,-152.6436830344507,-385.64366029796366,153.71145984117217
1431,-272.31965081467905,537.2795312353072,213.0384033733546
1432,2338.2407466032987,-257.27900806843076,102.2379156151286
1433,-284.53945770026525,-358.3023700788711,-94.16680616990685
1434,96.28479364360484,-210.28019340917638,-98.6632363476348
1435,504.949019075452,-321.757664563846,31.491397711393006
1436,-353.71983718887026,-169.15648906456275,-179.6828890424541
1437,-203.22431713929333,-38.98415687221817,87.64249100589862
1438,-398.2839996897508,-171.4822930291539,96.62380889889855
1439,29.62813003943657,301.5624012708277,409.77944745316825
1440,-190.73314434661893,-342.3190351577779,-68.56930835382025
1441,-178.05088580067448,-179.42165944676964,-265.93855031627186
1442,-237.2333821613864,-76.10692484921613,26.880483537791065
1443,-258.2453747794116,-421.0433773852156,85.11908932385123
1444,236.91370166615934,-347.62839840035303,-196.86484233309704
1445,-320.53429244088125,476.63865906440014,391.57388253402496
1446,-192.53105118490384,42.37328325736367,-103.2313257080493
1447,-120.12274090306934,158.07297564838893,-25.055164553924396
1448,556.7286038688028,-338.66164779026803,-517.2455655121876
1449,-93.88853359211275,-69.13433395195106,-256.02404981924917
1450,-220.0246378448718,-342.4613455447822,-117.22363431759157
1451,-105.41629620256823,-347.83684339647084,-186.28658551711194
1452,-348.76772156815406,-144.1243901160552,189.96739604966484
1453,262.2639966763881,-322.31337209926113,5.683338862418822
1454,121.36746992844397,-12.462338800610631,274.71623905916346
1455,-14.723700710284653,-338.79530851115385,13.8789296964786
1456,309.7121970698965,143.0597233601038,125.45767635126188
1457,-70.63437871060431,-70.96713573271087,-212.6315895643206
1458,-435.3322483123584,832.5713025800521,230.62834049026145
1459,345.34954821472365,631.3477368020274,-208.1066178306415
